AHDI,1870.0,1880.0,1890.0,1900.0,1913.0,1925.0,1929.0,1933.0,1938.0,1950.0,1955.0,1960.0,1965.0,1970.0,1975.0,1980.0,1985.0,1990.0,1995.0,2000.0,2005.0,2010.0,2015.0,2020.0
Argentina,0.12420354809792035,0.13139248606869822,0.15096913142689872,0.16371031723608984,0.19978023116915752,0.2381803677707674,0.25231952173375755,0.22613788470552268,0.23912717840966127,0.27676219634123966,0.2722781814630046,0.3344311090678602,0.3380711659208507,0.25362488714807024,0.36530712579874053,0.23649506883024235,0.4600047665899788,0.45509736117408217,0.48064737834617827,0.49682706842310403,0.519608613490738,0.525761432641915,0.549498289499536,0.5808541814563672
Bahamas,,,,,,,,,,0.3065681561448237,0.3513103840495147,0.3639082840668791,0.395206029126597,0.4102825626512021,0.4083238940934411,0.4247735924499901,0.4590929048827047,0.4809794331788842,0.5033726320407615,0.5447711222237022,0.578972829120072,0.5958334489230639,0.5725027380475403,0.6174499025331054
Barbados,,,,,,,,,,0.24863863092367455,0.3134722129373826,0.35259633960430425,0.3778028677684699,0.43444251478653684,0.4473420061045393,0.47405263214789994,0.4924506453379327,0.4968711368326231,0.5108355808740848,0.5174611013472055,0.5346312817292788,0.5463487625278515,0.5723590054826291,0.5613617483413781
Belize,,,,,,,,,,0.2732957131058934,0.3096869883782053,0.3176508416298711,0.3373615895219669,0.34267944512051984,0.36376868852724287,0.37776463472902533,0.3941833982601934,0.4228964814833555,0.4459585689542717,0.47155495375438783,0.510354535365514,0.5474698810267234,0.5379932416675134,0.49294050662537336
Bolivia,0.04113585631725994,0.05407599472164297,0.06045328122071522,0.06592459113530726,0.08657551167393894,0.10774579576277901,0.11379040189872403,0.11248685242555533,0.11490253070398657,0.13180655060462887,0.14513651733053634,0.15367419117501402,0.127321207492867,0.12246374884324879,0.11617604550054803,0.14605350859689084,0.2826063081861861,0.3181507761618881,0.3486381432829912,0.3714046155426814,0.39245141013726964,0.37829984424387786,0.3801908392526203,0.3487315917505966
Brazil,0.06057862995508532,0.06390511729246699,0.06525514681524802,0.07343067051555799,0.08270764756641134,0.09492465387139354,0.09947110046814611,0.09352761839310887,0.09262003151154367,0.18481569180991717,0.20006556578989973,0.21587564593697267,0.162917641703961,0.1796554105603349,0.19015633486851796,0.23425713674422077,0.29662567105333865,0.4086676900985946,0.4340875364103766,0.45557761632142973,0.48502661086200705,0.5027090574515937,0.5013551220480417,0.45362890783985294
Chile,0.0800288381482575,0.08468255746531062,0.1058893974382248,0.11709781473494711,0.1356584356089408,0.13787326094529248,0.14316971618279353,0.19398236909180466,0.20759022054318096,0.2683785488295229,0.2762171792813539,0.3104946119588404,0.3344171511167651,0.35831534395537534,0.19821006929002893,0.22947519329346067,0.2475527367066062,0.48661086347145777,0.5563623741648372,0.5929230604595668,0.6226794902920081,0.6332750147962408,0.6382137811582798,0.6479909838967766
Colombia,0.0668720250512905,0.07726232940993201,0.07834517106968121,0.07277101193196764,0.10523050671790893,0.12902993499091164,0.13618517372875738,0.14441169328086276,0.15333453829339383,0.14357398563800514,0.17598488378306182,0.23088988161389426,0.2422148675127872,0.25428593284348194,0.28207082215862567,0.2906629953165162,0.3200902041369143,0.335076000431341,0.3800139049625622,0.39317586153391443,0.39657595443931376,0.44889697958902075,0.47118422819751593,0.47362316441465085
Costa Rica,,,,,0.1329078892635182,0.15411957036191712,0.16032235610274537,0.17202711926280223,0.18407331463711896,0.2576623151068357,0.29386671221684624,0.3062701322498195,0.32758653186398773,0.34101308115657797,0.37910032625782064,0.4111658266203892,0.4357768755765972,0.47003822103559634,0.4862974885882309,0.5081065566185977,0.5458894597234941,0.5677498350874306,0.5833818576530985,0.5879150112937093
Cuba,0.064243695065612,0.07097093546507527,0.08393666498530783,0.09360683908171279,0.1327209839560517,0.1591093905651304,0.15911575446329448,0.15855396005065286,0.180767644736994,0.24699018933274952,0.20585982128340874,0.16174082410142987,0.1598877671492556,0.17010033323774548,0.17998925509551758,0.215569133336826,0.22993712328620866,0.23880547201680022,0.25017568667218193,0.2704324836188359,0.29003792023847164,0.31924803355145903,0.35751726398411554,0.375941212421151
Dom. Rep,,,,,,,,,,0.09362579279774297,0.10249143105934463,0.10891182304938772,0.1538886015651553,0.1701801600215747,0.1821625642248756,0.2604212753548609,0.27690396312162163,0.2786835812308702,0.2896731925390621,0.33888762885305973,0.34990479662941837,0.3666153211942438,0.38065876448632524,0.4307783629611509
Ecuador,0.042686826475753815,0.05607849286262868,0.0670049676636245,0.08357500514610547,0.08615746306629002,0.09109452144136844,0.10075760858417286,0.10755844581788525,0.10022028885405196,0.18351214839076563,0.197479994626889,0.21028290940844566,0.16976960945107655,0.19767649781376026,0.19342709206142894,0.34367962113355865,0.35530615419864314,0.3903632789246858,0.4043240375684313,0.41954896103221084,0.4396614414410746,0.40870072225598053,0.40281543365198186,0.44588491134440766
El Salvador,,,,,0.07171252215693358,0.07574227663853295,0.07915664287726519,0.07138481361510758,0.07735280415700928,0.10791561446727332,0.12026868037053326,0.1275878802222819,0.14102310753274006,0.14898768080458985,0.15181009468244566,0.14417681268411947,0.18089916442569198,0.20125555169742348,0.284276675626956,0.3145259516562212,0.3336281672606009,0.3632187759351316,0.3868619029797034,0.37150575180947965
Guatemala,,,,,0.05814274873127291,0.06498955409356116,0.06648188151727098,0.06326135757988482,0.07168788838614605,0.14788641225429794,0.11035587221958205,0.12262565994911943,0.11719224287558595,0.13903777938333123,0.14712429728375426,0.15680946259030662,0.1659041570539978,0.24284734819812867,0.26764007446909927,0.31886278999136336,0.32608660822919633,0.3519403740491249,0.3834519976680742,0.358631904645933
Guyana,,,,,,,,,,0.19887474737928854,0.20328479970409863,0.23270495027191307,0.23997852350213925,0.2519931039238911,0.25994830429849414,0.2607371450751047,0.2624498233064742,0.28178879017019515,0.32492658777405026,0.3490325933032644,0.3677748321412825,0.38313776032552826,0.40301347972120666,0.40772730033514865
Haiti,,,,,,,,,,0.07775979132470208,0.09854121997537438,0.07612650984147125,0.07953373246598301,0.08489903892578216,0.09468808223138514,0.10329149095894638,0.1140412873010437,0.13967709266979733,0.19250090959967306,0.2084327396783759,0.16545545247588792,0.1897982810181836,0.23954419565528526,0.24188194680470862
Honduras,,,,,0.0804541186598165,0.09165662098742211,0.09779047429486559,0.09494793660656951,0.09269076808552744,0.12158237134113839,0.11614121652953721,0.12526810503016525,0.1288998547882044,0.14183199658671686,0.15046485550307387,0.178721391693679,0.24081299230612896,0.2666281153267084,0.2888911277255277,0.3052487272876722,0.3201391374671671,0.3024215897945745,0.3195243184027354,0.32440637829894087
Jamaica,0.06524329997724385,0.07421404226634007,0.09550588913534919,0.11373731564633495,0.12376122342005733,0.1330683810278091,0.14204414015447345,0.1431741885319578,0.15996589188329016,0.20431491060756954,0.25572057825578615,0.2974348907087763,0.32664348003524607,0.34412725415293155,0.36257700362124357,0.36830246524512816,0.3863154051642095,0.4175691394650778,0.42994668404585834,0.4446141629322663,0.4680995283976962,0.48678204557019245,0.5023832211164341,0.48793438872531675
Mexico,0.0541277444737115,0.051016619987507436,0.05661243411358792,0.059198748947547175,0.07448879702574941,0.10035460677177449,0.09573059871354743,0.10160864442258284,0.11081949719716891,0.15042853853967678,0.1719739366216155,0.1840887314402587,0.19817845247850943,0.21501086610543174,0.23108062818175235,0.25931464067248367,0.28402013845921537,0.31961265402683087,0.3691952768219082,0.4345009686279222,0.4662609399393389,0.454048093898941,0.4494719417058416,0.4346674723963298
Nicaragua,,,,,0.05780052283844358,0.06470883432459515,0.06993515854867506,0.06886532196956296,0.07086174351095631,0.08858678800552994,0.09810410605057808,0.10700840586449668,0.1167526020153814,0.12455512572624607,0.1354691669447603,0.1781299512138084,0.22555823538300449,0.29315353085246315,0.32819645415313153,0.32872382442120074,0.3385073977592421,0.31131685989697455,0.27973403687357923,0.22726451134951467
Panama,,,,,,,,,,0.19875087614526743,0.22496344296314805,0.24476063391408667,0.2523193316228668,0.21266456085038574,0.2357579227392394,0.2568122893409945,0.2665030852929024,0.365499708007788,0.45433196415811883,0.47331720932014737,0.4971775282099137,0.5118227082714735,0.5445266984962306,0.5520354837991079
Paraguay,,,,,,,,,,0.15825484313697152,0.1539014152046455,0.13654334619762568,0.15911862711258604,0.16694945360141303,0.17525132608355157,0.18804789715476955,0.1944054748101948,0.2936269439560557,0.3544832889484242,0.36143916704143064,0.3903445742483171,0.4202802451509105,0.41952898840841946,0.43498343073817797
Peru,0.051067278511426485,0.038248436136620566,0.05484420785555224,0.06025743497711711,0.07398381489197989,0.08596949744653266,0.09752720257240995,0.09237226444617398,0.0986302004454336,0.11375532484936408,0.129738419123601,0.20336856833416814,0.23716979053149778,0.14956690769142003,0.1636393438489074,0.25911512466181563,0.3455606264317123,0.3494462807399649,0.28283382184737726,0.3323506918619936,0.49150510551483206,0.4938713054503046,0.5178996651755896,0.5273402050605597
St. Kitts and Nevis,,,,,,,,,,0.22501718694895548,0.2804021288794581,0.3159783874226627,0.32603539095028705,0.3619731878450465,0.3818706845694499,0.3958075460226268,0.4127910022889785,0.4255828692517676,0.4497411346459429,0.47167910368533883,0.48406881281942765,0.48743329916968675,0.4865546338435737,0.4980873758236015
St. Lucia,,,,,,,,,,0.1825111446527497,0.22476436043728623,0.24874687337926285,0.26404316589661647,0.29768857651209846,0.3182965827835937,0.35027651524231074,0.3835017515799301,0.4116877516533414,0.43291697701931403,0.4382917476696703,0.4585290643733084,0.4674535130093107,0.49437818576569836,0.4758083976899349
St. Vincent and the Grenadines,,,,,,,,,,0.2116702472439479,0.2577840869088568,0.3068878157384165,0.3188970612726915,0.35430436645388264,0.3698704416012457,0.39228854743843034,0.4139361702686043,0.45272828548506044,0.46306226878347523,0.46821936750500237,0.48837197864588877,0.5029589789341519,0.5007593042199769,0.5424399171285821
Suriname,,,,,,,,,,0.25892117777242607,0.27592502211329356,0.28707446001261755,0.2991470348311779,0.31438519702149265,0.35957187354318904,0.28190561637886474,0.28716360265987056,0.36946267346283884,0.3902154389047922,0.3957156813972933,0.4084977028620022,0.42560031462563247,0.4523334770183486,0.48289820030035746
Trinidad-Tobago,,,,,,,,,,0.28032631774724137,0.29957048016061316,0.3464545060048291,0.3758276822164388,0.39394024087719065,0.4095632465481838,0.45145691692074186,0.4600491445991229,0.47154785515073694,0.4860444457728749,0.5003374264937814,0.5261269901596778,0.5442798280582007,0.5869977338820174,0.6010267982338807
Uruguay,0.14939371687453704,0.14298093587183017,0.1701065107039612,0.1885239861940785,0.2077434120634315,0.2464168333172742,0.2639375466091144,0.2243182931210231,0.25338337577845665,0.3675498384852676,0.381857123055309,0.391006533753859,0.3938684332873883,0.3696081566963616,0.2170569635402892,0.2259087189459681,0.4287068895553531,0.4873526326205946,0.5036901908035096,0.5273892943784318,0.5403460275795101,0.5659127484500623,0.5690168489203966,0.5826909469955904
Venezuela,0.05401053704035526,0.05835454815494469,0.06987616443901343,0.060888671509399445,0.06752193552821281,0.07214343151203159,0.07488824520144925,0.07671161518364915,0.11692261075020663,0.14518290743570936,0.15462429599239821,0.30300802657705583,0.32342485494229445,0.35942025016948304,0.3843914650129732,0.39974380093136336,0.39774809329027594,0.4072510876850438,0.42470814376382826,0.3712857140218015,0.33185516851115987,0.3331407720199355,0.33304932788903824,0.29799207169537145
Albania,0.03051320973211221,0.028269397370003273,0.030137106859283173,0.032006939877391526,0.05654056095393958,0.07398020112144149,0.08313372089478324,0.09143072527008202,0.09155580253060026,0.1283095403024651,0.13663598869899982,0.14703793067609955,0.15765826049737613,0.17570245256888692,0.19617619379502713,0.2124261079324971,0.23355141184214248,0.2624015240744469,0.38640265353073516,0.42202713036657424,0.46864227665295205,0.4944597392600183,0.49429431583432826,0.5164855869224786
Austria,0.152131051106705,0.16159448065009546,0.17998947981160943,0.20430338464688425,0.22650911769516754,0.310276194435535,0.3318542109917106,0.24358166396050787,0.22025799434400412,0.3897205765727469,0.4223323524914638,0.4560715339851087,0.4785729401240261,0.503821336611058,0.5326107379889461,0.5611649705415234,0.5828691624336045,0.6143413955046184,0.633120689384105,0.6605143547515582,0.6800098073489123,0.7020925843682082,0.7083975119518958,0.738255428727118
Belgium,0.21845489531262907,0.23442211573161703,0.24484515208033236,0.2705300549975286,0.2955189940288438,0.3175849933885993,0.3242018118562299,0.32546326970598477,0.3365228002899256,0.402512873714432,0.4270300435881174,0.45760785332204157,0.47655648797124156,0.4938405532289628,0.5131283617073771,0.544604763151165,0.5635787537077915,0.5980457616418382,0.6203528971938618,0.6457786284555405,0.6722902945516609,0.6942895696512128,0.7122255353096344,0.7353814317288657
Belarus,,,,,,,,,,,,,,,,0.21248452289085337,0.22412254187159258,0.42393063766565714,0.4152708383878893,0.3194518827792984,0.3275054748124892,0.3540392420416451,0.38143303579120774,0.3555969029997041
Bulgaria,0.0961840384504947,0.1235838532732146,0.11731248755208097,0.147589624653065,0.16437908695438344,0.17278236506788347,0.18446289130997703,0.19983766882540743,0.18452381449294294,0.18268959596438492,0.20330663359839835,0.22640941834506575,0.24012232410506326,0.24924554866628884,0.25887793441641754,0.2657437095536557,0.2692059465294895,0.44024388995860264,0.4929401697494306,0.5123648141526449,0.5350217225941595,0.5505951045214982,0.5443359606001802,0.5409156399791979
Croatia,,,,,,,,,,,,,,,,0.3131189459326557,0.32615432122701343,0.3398927475229526,0.3786633610576343,0.52100576788735,0.5575501528172917,0.6068252165662973,0.6091791226759984,0.6320398720076172
Cyprus,,,,,0.10241015214232,0.13174133241490707,0.1407678743616161,0.13896003426891432,0.1483007840862545,0.20418465221936347,0.21050133120916248,0.26827606279631017,0.32757803200319946,0.3481579858829729,0.37530447335320305,0.41702877786457354,0.45824298292345533,0.47074851334331774,0.5002005374039546,0.5310099282233037,0.5446843126219075,0.6106261297244351,0.6842110692286086,0.7145926757224194
Czechoslovakia/Czechia,0.15342238784721265,0.16037541122077936,0.1718667521490407,0.18947322718222584,0.21192544579298606,0.31833391538985795,0.34074208756170343,0.3375779030290492,0.35092283982369116,0.19783416943915536,0.2019046377192345,0.23769714585516222,0.253088735197405,0.25031124226865903,0.2554395852111686,0.27779895310125413,0.2841316780742619,0.5168642368032076,0.5754407328531235,0.5941184312140043,0.621348313614195,0.6432068330141371,0.6840244605196244,0.690929862788194
Denmark,0.2353931639026633,0.2368309733554268,0.24856080105153455,0.27640886552856764,0.3415256144786138,0.40101976854837784,0.4092722399623933,0.41850121288686326,0.429847034471982,0.4852765773000802,0.5095909140370233,0.5342117836999545,0.5514839805710616,0.5789333046443312,0.5999754355260893,0.6174598096863853,0.6341753463267957,0.6470341215278493,0.665405942116385,0.6923899076519696,0.7256235068954788,0.7265577953039698,0.7749014805579882,0.8007610054429726
Estonia,,,,,,,,,,,,,,,,0.2173509122541796,0.22950026711871385,0.5162228182843479,0.5438573709958862,0.5895604735735962,0.6184748572049628,0.6440804306795969,0.7108579025585646,0.7694939007067663
Finland,0.12389730375122233,0.12235316154776885,0.13565902716408182,0.1362439657732165,0.17628575885488418,0.2559671293409288,0.26471968890293496,0.28247480741229936,0.3130342192250014,0.3946113355673297,0.4224971322423558,0.44777847368946777,0.45987693995115136,0.4809419298933073,0.5138780419172677,0.553220133221351,0.5832792115496833,0.6095220503399918,0.6395110885408842,0.6708082999835501,0.6967458189832823,0.7236687047863504,0.7116709747417159,0.789771397832942
France,0.1756256183405832,0.24136110722296977,0.2585364051500756,0.2774760639296964,0.3156958164619604,0.34136777148054803,0.34485841702905196,0.35607842007966384,0.36458688989244364,0.4347828715022227,0.4486105978778066,0.4712469066804549,0.46871490937340216,0.5512290701823888,0.5799310232388059,0.605722031716009,0.6280731956230187,0.6508671047992709,0.6686529215947082,0.6920932748505276,0.7227912145135333,0.7575455525841734,0.7397414966754232,0.7327829344407024
Germany,0.1789081172512095,0.19727307399505764,0.21678336726762307,0.23841342166256443,0.2580970519502419,0.344510160067148,0.3624781546086656,0.2232983698364424,0.16122912965978575,0.46082895360264337,0.49388828395642315,0.5192052308372549,0.554036457417477,0.5782502502495863,0.6075649197117677,0.6452688950004006,0.6729424981822437,0.6975298612357559,0.7197071194074357,0.7308025607413909,0.7496029415531207,0.7665327826747477,0.7816183831513078,0.8373071032048184
Greece,0.11246714025311207,0.13773153014291542,0.14934372076848007,0.15905874259337743,0.1682595052055633,0.18393695531347987,0.2157179930970561,0.2209425967944715,0.16624844093356142,0.26849827656694725,0.3027835693183998,0.32343694103638165,0.3507159995357275,0.25294862548041985,0.4600546007952516,0.4992745147366304,0.5241417310537406,0.5534767682464359,0.5791635798032846,0.6048203633549242,0.6356294579239143,0.6622829616633835,0.6462333281664078,0.6625949887992175
Hungary,0.1268589916828019,0.1356071792910446,0.15222410385506138,0.1726012729076102,0.18855510099099315,0.22124390425436222,0.23323729760570028,0.23780419525236682,0.2518025507201531,0.20427585240889382,0.22736090796147806,0.24073906113110594,0.2633048102904956,0.2757882497021074,0.28626178006957514,0.2962053837769983,0.3065448589804345,0.5010956879420079,0.5215699919208568,0.5513630362916703,0.572267120584079,0.5732903954545532,0.56093123324525,0.5321418075717739
Iceland,,,,,,,,,,0.39519335787614845,0.421606277520066,0.4404669806407416,0.45839729005449653,0.47536614382343284,0.5082281677829859,0.5440279298845268,0.5703947731790533,0.6017359374371914,0.6207454602043632,0.6612535857627274,0.7034610033095636,0.7206337519373832,0.7629038459205454,0.8449718277849865
Ireland,0.18141740213893198,0.20598051972553738,0.23025833480791785,0.2543576799517763,0.2793788963027783,0.339953329741351,0.35300883347475837,0.35834207277512514,0.36543221531244696,0.4029940297820501,0.4239366191664446,0.44518786717826425,0.46338171251074917,0.4795471491927345,0.49833595004397735,0.5110022014161404,0.5315341753242172,0.559651265894824,0.5819521650264128,0.6155784856304376,0.6527978408079987,0.6805598202701362,0.7564534133163475,0.7554129035009678
Italy,0.09882083038365007,0.1138215205397837,0.13898030257224583,0.16341223718989578,0.19702812947705287,0.14497022505799953,0.136743679491934,0.14573274682932316,0.1452223750500215,0.3415617492331684,0.3655512358897668,0.3904563316066032,0.4136316689367514,0.44423881927892545,0.469498449666326,0.5058289064714776,0.5368893048699804,0.5705805958691809,0.6010665821101946,0.6386392508211362,0.6668636335434431,0.6985852137242794,0.7063332727740377,0.6947238935158734
Latvia,,,,,,,,,,,,,,,,0.2173908475156638,0.2298687099270115,0.46231032496389235,0.49494452673449646,0.5233610112220473,0.557891148196397,0.5732725303300279,0.6269923876802725,0.6903951425685124
Lithuania,,,,,,,,,,,,,,,,0.21186640398233486,0.2251360277128932,0.5201644206069281,0.5081835657183471,0.5409507634072609,0.5764909668424459,0.6113937198709408,0.6643679727234789,0.703532182826628
Malta,,,,,,,,,,0.26678611935861307,0.28953487311381276,0.2419702312113951,0.32807111261687244,0.3640044659987615,0.3933329156400079,0.42230537136541957,0.4453382949067489,0.4969860363147924,0.5354545166380258,0.5586953126190645,0.5899322550083747,0.6390961336796451,0.6779609568682593,0.7362668528548145
Moldova,,,,,,,,,,,,,,,,0.1958766576927709,0.20878786678857328,0.39161493592895014,0.3892833051071168,0.4008244888584559,0.3988596499828699,0.44919841392065635,0.5002999149687344,0.5047474747613439
Netherlands,0.21939297201815774,0.23331949025067755,0.2544872713055355,0.2772274426629617,0.3139503903946554,0.38543992079504985,0.3861263299328995,0.403003817629415,0.41424751460003634,0.4550570269896204,0.47330921627291894,0.49813694004985193,0.5155732539467575,0.5439925088983462,0.5663752095614284,0.5955375109975052,0.6124041755906214,0.629735956161841,0.6486674380178349,0.6676189879563017,0.6875633307202754,0.7167881832546844,0.7428080659734966,0.7697884466273344
Norway,0.23957515832665852,0.2463265616201742,0.25659132916557637,0.2829543720631315,0.32179347609464065,0.3684022913402962,0.3758667907513216,0.3916465051353631,0.41017485612053844,0.46245890599473777,0.49351015291925393,0.5211100153898346,0.5473015867453249,0.5704258066776459,0.6006347697739631,0.6352263790461345,0.6548199710687171,0.6809667639847214,0.7080638428023256,0.7281206030915975,0.7526079393459799,0.7732427024020019,0.8046541839613224,0.8412479179311542
Poland,0.058404547199880384,0.0748848737915402,0.0738934811557566,0.08451337774374114,0.112120023012396,0.21680685065428396,0.18380645176922314,0.18062095992492,0.19424075712446104,0.18409145212077416,0.20219336382048944,0.23389247206078506,0.2490271870508198,0.26082109984330093,0.28208760772698155,0.29165672123979486,0.2951702777026842,0.41284613101994155,0.49194155945463264,0.5266361792180878,0.551784947024399,0.5834163892021387,0.6584650130939994,0.6190396365726161
Portugal,0.0808572906262484,0.09449473954078173,0.11309630728001441,0.12345932794393079,0.1367024766720317,0.1462265162077854,0.12024670503276853,0.13033354625494753,0.13048699190896254,0.15159206261149819,0.16446726128179356,0.1779746271631641,0.19236416379087018,0.2112065791404264,0.2955471441016672,0.4370201258230513,0.4520106251418527,0.4747792036460989,0.5019644407609998,0.5335181591656651,0.5573797004103476,0.581816784587194,0.6248399086904312,0.6365617026411536
Romania,0.06411713813198104,0.07133725117743372,0.07945231966595026,0.0982510285259046,0.11914966698426836,0.14408549513410537,0.15449660282899494,0.15875061900389767,0.1564653502811995,0.15052221286052966,0.16727005392181887,0.17972481728337592,0.2018945677988227,0.2078953494339936,0.21996210328681542,0.2257100106140482,0.2319679386164753,0.3600959266977772,0.41108874383031374,0.43488843348143064,0.45475211595778187,0.505170486385851,0.5396572592802056,0.5531515002562474
Russia,0.07022870970122817,0.06419644252622993,0.06450949344311745,0.0707116952306767,0.08747925279066257,0.08073470780988454,0.08621875720236026,0.09303767971658614,0.10015314766427447,0.1274001117994933,0.1606331792227847,0.17876511267641818,0.18681552107919025,0.19520244159278952,0.2017137730334454,0.21259683540972996,0.2229633297456311,0.30377409260514016,0.36985728879013346,0.35167243305204954,0.34651457830977384,0.3737216210689579,0.3730761223651142,0.37661851808257196
Slovak Rep,,,,,,,,,,,,,,,,,,0.5047542885892278,0.511090070470066,0.5650371989259619,0.5938997264447804,0.6135475931047113,0.6554565842412876,0.6925964280664393
Slovenia,,,,,,,,,,,,,,,,0.3380272664128038,0.36212455938470367,0.5245036693836618,0.5984643869930666,0.6249459312876905,0.648417062643978,0.6967301937163248,0.7237845999698452,0.7124523920825077
Spain,0.10460772396861498,0.11589201548776494,0.1308894780433973,0.14254194222333266,0.16755148207091625,0.15492021527087582,0.16157916353664625,0.25010681367088355,0.20796576604428127,0.1829249125895673,0.20047554422633895,0.21529406571283716,0.2314577629094793,0.24953347687314648,0.2671872424241432,0.5076113497622107,0.5316166834532172,0.5594493351103702,0.5855650902392038,0.6189042930502763,0.6416126742494499,0.6827290587894779,0.6659799283343042,0.6920300102158395
Sweden,0.21108787435911636,0.2260629371856714,0.2422468724880458,0.25972942886712896,0.295793095937328,0.37463325145403986,0.3803323483773099,0.3936930946227058,0.40367428986779663,0.46199374437743734,0.48380359953459134,0.5072614876116045,0.5323300013950161,0.5590890835456167,0.6070759077842215,0.6347642465040918,0.6598218984136424,0.6862677153985557,0.6893857869727554,0.706373307258768,0.7294528791028748,0.7539277788352051,0.7854182465592621,0.8033548575017027
Switzerland,0.2638564325157829,0.28500101440622666,0.30666976994534456,0.3273879823072952,0.3635947473699841,0.397180128846335,0.40651852731157695,0.4195765549218108,0.43117153073169456,0.47330761359868806,0.4901981290592799,0.5106510798873152,0.537397024513997,0.5598834262472094,0.6346197722281502,0.6650160788319606,0.6914647784704135,0.7145289747899078,0.7253402368026431,0.7419688025597515,0.771376187335256,0.7960777449625251,0.8475700112496871,0.8855448455370343
Ukraine,,,,,,,,,,,,,,,,0.20893430895088885,0.22253302550858775,0.37969416877471557,0.398174318533231,0.3725659929005861,0.4164557060884044,0.4277554675806218,0.41184861197672223,0.44371985512128453
UK,0.20368180098015798,0.22955514821615353,0.25095260004779113,0.2724948317236787,0.3005488118322312,0.36018582353679135,0.3637430059679613,0.3798191231703855,0.3981668669443024,0.4522691674178443,0.477741322181409,0.4986738685959188,0.5258607790192292,0.5460566950020949,0.5724088007537473,0.5979794997542958,0.6225490551047989,0.6532977569971294,0.6795274362389152,0.7239821742655643,0.7513676710847359,0.775184699933647,0.7815945926345058,0.7804794623933133
Serbia/Yugoslavia,0.04838791440078534,0.05696206191592933,0.07860099656088675,0.09275326797681382,0.11274542509246827,0.12783518918994455,0.13375531183440748,0.11826607354648155,0.15125757893515693,0.16621996490718083,0.18960500592989013,0.20131489340357048,0.23206304703821912,0.2537401847119937,0.27002223931823355,0.2969062614966968,0.3151632312027967,0.3137873653312999,0.324437432000689,0.3692162234742493,0.4670352495115475,0.49773831334011426,0.4764713307140936,0.4558427616828232
Algeria,0.045676082650339005,0.04606603500135578,0.05120350777050508,0.05800915248903653,0.0672227434674838,0.07181749188247437,0.07663180642013538,0.07893368792037264,0.08405964377792983,0.10519681465643943,0.10996122617866913,0.09314837600269384,0.11800134331049769,0.12700990177055776,0.1442799978277782,0.18218002863683513,0.2106609340482294,0.24758464548426332,0.2459116329395865,0.2846286540348605,0.2929796873185134,0.3160104299181028,0.3377745026112815,0.32287198322329463
Angola,0.019288932839375723,0.021405414658463674,0.024467198980713447,0.02686800717176364,0.026831015384796267,0.026773145698005065,0.026935550286425386,0.02701395440624066,0.02940882651836645,0.033716676397189525,0.03576702877725345,0.03873058900551566,0.047454459277155664,0.054727321432231885,0.07006941685422732,0.07996409968333794,0.08792310647202622,0.09932653719640558,0.11493231748610759,0.12090518356502736,0.1563722682566492,0.2079154802045855,0.22157039364907924,0.24331706366953226
Benin,0.021074818947514135,0.024320859827053613,0.02863707705782498,0.03250907319415133,0.03835552751746706,0.03260626546036579,0.04313238938672129,0.043468350393319914,0.04647477089574108,0.05342050722540857,0.06392028115511118,0.08743752463258436,0.10153750146606857,0.09004450479213344,0.09072303161471751,0.10639610318057052,0.11998764631654746,0.1530179119078481,0.2154244236196002,0.22679473786790436,0.2419632164236982,0.2583664520902594,0.27098707143461537,0.24761356037486792
Botswana,0.027228933286159877,0.028220688468882583,0.035092735600689415,0.04090369902909259,0.051339246328041155,0.05599049412809448,0.05643146057567332,0.05993478215190891,0.06473935448226091,0.08189274771091111,0.09093994457447316,0.09929384232515757,0.1271180426741807,0.19147496314808224,0.22933635442698563,0.2599639520672233,0.32846384725150857,0.3668852782445141,0.37415506391379627,0.37327422641232366,0.3925382845496095,0.4350229139861154,0.4397808975839298,0.448362949932755
Burkina Faso,0.028473679216711886,0.02936616331999047,0.030467800758025007,0.03158172453078388,0.036212519755010435,0.03597176543901,0.03589472682302407,0.03561557009034733,0.040456980675660476,0.046021449381475295,0.04895035825818152,0.056364030135637025,0.0599669487242057,0.054754622700808865,0.06176537817297665,0.07759802649486171,0.07876916527245437,0.08664952309167549,0.12377879018497677,0.14784963302893775,0.16506208148499774,0.18655526045090548,0.18358689068226278,0.23107063231044428
Burundi,0.019472177468608395,0.02185965129169799,0.023651174900965265,0.025108846008299608,0.03095767295899868,0.03250682234584738,0.03882754170293289,0.04194820771237127,0.042711892237842365,0.05498780069189096,0.06257438570739568,0.07130579471698897,0.08638550917846768,0.0791815909135218,0.08479373396246746,0.09433996524561171,0.1102179531054858,0.09757629611525794,0.12244337357618158,0.12819522070713776,0.1411949562552037,0.15678571021327303,0.1314908395636602,0.12571929484921004
Cameroon,0.0190282558781711,0.019255776395794226,0.018933204287901625,0.02229557711327176,0.02436796246150969,0.02417451813756326,0.024811499538157863,0.027159155961961962,0.03576564874933879,0.06240893811756348,0.07420686798511271,0.0962028713094947,0.10120666333133685,0.1104517710827511,0.12471659435542802,0.14371542865772144,0.16929632541726916,0.1832101435419387,0.1877981317965215,0.19476523977667248,0.2055928261810831,0.21801769880022442,0.23161167726215962,0.2207294603872291
CAR,0.020372378083135988,0.023567720775771527,0.025949835338776348,0.027912542241204603,0.027877770580075612,0.02773657363379616,0.027705375306697474,0.027930209219510522,0.0411850099743437,0.07012166218949331,0.07720019840340832,0.0792029372295985,0.07965367929616803,0.07117309910347575,0.07652675541406785,0.10662390289674133,0.10794632888171034,0.13173014912502673,0.1539108017519964,0.15419923961599225,0.15453610609429183,0.16734948315390163,0.16511381432975103,0.18321592663165684
Chad,0.018092004582131022,0.017950532056385773,0.019594752394145716,0.022569954344217453,0.022532347444983454,0.02237914239655563,0.024897987658876554,0.024971949372359453,0.02706926326222717,0.03826657879819053,0.039981418864564036,0.04689356329603515,0.05384429570559303,0.06142375356305448,0.064048752982234,0.05906775941330334,0.06488301350234821,0.06952050860542719,0.08519928401934287,0.09415898853687765,0.10839927318000565,0.12015170774405128,0.13988424121610532,0.1426563548300296
Congo,0.02368662427229564,0.026011455351004225,0.028051247956072136,0.029847855786227603,0.0369477545768113,0.036703823388178285,0.03566229466492983,0.04281934166546547,0.051994938125041135,0.09080547143686821,0.09956564378604746,0.12215000525525031,0.11559766137610901,0.09198845698349001,0.11891239374657292,0.14292098071262332,0.15680809410152088,0.18065964389873793,0.2572690792448912,0.1829803654001503,0.205883465477905,0.2144137044287273,0.22820622751842146,0.22761964518877004
Congo Dem R,0.017571054685123395,0.01705305876727034,0.01807403170344745,0.019778610736729516,0.0331877483683714,0.032731163825378315,0.03883856130191513,0.039757768067751366,0.0481412776800709,0.06247376961488068,0.0676425493166537,0.10108152628018577,0.09672249306541832,0.07701734762525214,0.08513518373605138,0.08952474325276312,0.09732316057014578,0.11458981791665541,0.09937462150351231,0.1113684122511032,0.13310105248634413,0.15391845424477704,0.1766429186020699,0.19724916012987745
Côte d'Ivoire,0.0248528624524756,0.02697803793769472,0.028933866153165164,0.030688788203696832,0.03608295595709305,0.03669860079372679,0.03886374942946514,0.04003891626726073,0.04224277259140132,0.05378610580379016,0.06084013982179655,0.07617355736703044,0.09004200708689153,0.10340515648157439,0.12399441812549296,0.15151840421299814,0.16293924659181375,0.16842265592986,0.17820400070260373,0.17578825707195084,0.21111211369840502,0.22664549311448287,0.2590828170792901,0.2640536732885589
Egypt,0.039728963630777485,0.039714686177314974,0.049687880191805575,0.05762777251839316,0.06619705547172325,0.07991723458022706,0.08404970629139105,0.08591693702936902,0.09368479989181581,0.13019146323088854,0.11313225329553943,0.12528370721841575,0.137532341560166,0.14464920379221585,0.1614545430220988,0.1795734106530696,0.22565319873981698,0.24485979494118898,0.26275732726382484,0.28327651796777864,0.29186944933365444,0.30399598361335656,0.26680662665440824,0.320533701799344
Equat. Guinea,,,,,,,,,,0.05161927405651122,0.06332301546040515,0.08449972504845617,0.09926772372815199,0.08445535129626064,0.08035870723946413,0.1059084119249339,0.13401616425687535,0.15157003596917643,0.16358582384469966,0.18401644817960952,0.19844304523091275,0.20129818479228584,0.2068140310655865,0.20572551454448257
Eritrea,,,,,,,,,,0.05740899905288772,0.06373978682451122,0.0664476861944672,0.05735773745426738,0.061192367655324306,0.05582820913295138,0.05848597229295958,0.06248767025704612,0.07723972618461282,0.112191542946703,0.11070455305346966,0.09174643847413426,0.09486627778504798,0.10487209855097554,0.11780540938164154
Eswatini,0.023964503765513612,0.025371801718257238,0.0320313686500487,0.034350086280011266,0.03503569726107934,0.04810672985376633,0.054672249015579266,0.05724584475693309,0.06316488098610695,0.07569772841344301,0.08447396631026091,0.09351607849077599,0.12252160017258357,0.15125986954259463,0.15637366740146438,0.1878695799902043,0.2049469334680191,0.22637883964715377,0.21927699735527695,0.19836158886487107,0.1880303766376563,0.20088608439290603,0.2215723021243365,0.22663057900459985
Ethiopia,0.017848330539943762,0.017848330539943762,0.01901615163574677,0.0191482805251889,0.019960454964340735,0.02011906880068018,0.02350746457724846,0.025765035144137652,0.025123113047737237,0.03286647408613407,0.03785694134495353,0.04288645357250884,0.0490996454264371,0.0541322899584646,0.04728041091226079,0.05379476549028636,0.057180657094694935,0.07327526648311924,0.1053893825011523,0.1159317689907531,0.12332006715880746,0.14939619031249998,0.16707080327843302,0.20608406916385644
Gabon,0.021157101724189033,0.021029289140023777,0.02108813231303019,0.025810064292595424,0.031416225765971584,0.03125356705390374,0.03121542813774757,0.03790721800977921,0.044441648349737295,0.08504721820278748,0.10313927754155527,0.12786903899645732,0.13141909308451205,0.14305967493467614,0.16313645701382812,0.1877074331563345,0.2029192527235976,0.23254991727010033,0.25611422003438955,0.25714495491303463,0.27961247566178193,0.3053587355917164,0.3286907933425635,0.3429452771421348
Gambia,0.030430674636633594,0.03156842466096955,0.032743705684335295,0.037096662372853424,0.04294527876139463,0.04175065328563467,0.040859805970209696,0.03989186415525076,0.04860683610351163,0.05940453853968344,0.0669676852131882,0.07590958969611283,0.08989878984761701,0.10533595001633604,0.11638788959872146,0.13787678870651493,0.1557519952393935,0.17472891160605575,0.13631654332582274,0.15949497246578068,0.16829831060579403,0.17936631872185685,0.17465979006934415,0.26892646381449453
Ghana,0.0306796844610675,0.03183171193835082,0.03414427339590798,0.03895593655276319,0.04335127179424834,0.05201592036008572,0.059643110278000934,0.06321088253816008,0.0673309542388487,0.1083206505952191,0.13806403309353993,0.162598550787215,0.16823436561199276,0.20478687954134955,0.1598799066454062,0.24385258110417707,0.1653658885585789,0.17833611435515703,0.2628757685335453,0.2988480425587745,0.3256009239934144,0.34036059297757837,0.3737706370029788,0.40519884159652203
Guinea,0.01705305876727034,0.01705305876727034,0.01705305876727034,0.024224811745978743,0.024512116999308522,0.024728103655391517,0.02355338587716935,0.023753858300027932,0.02471640948699403,0.031876334851987945,0.03730193545041221,0.042021444668057774,0.05183258766445041,0.05935149713486844,0.06687399639252521,0.07784529086271594,0.08542757762860799,0.09461606758621388,0.12241201862031789,0.1315988970550264,0.14569405736227115,0.14885964318552056,0.16613134937773977,0.15343444768674486
Guinea-Bissau,0.01705305876727034,0.01705305876727034,0.01705305876727034,0.01976024351110202,0.01985497521770583,0.01985497521770583,0.020195845388296378,0.020195845388296378,0.019765871385243376,0.02234552044267523,0.024407634264660385,0.0277343406115811,0.036392171174415996,0.04274015084872097,0.07177718309271856,0.07871155505937297,0.08115105464577207,0.09270068006234945,0.14095261239199092,0.1489893053038676,0.16730332077417567,0.18440811237409957,0.2085263498633831,0.22906103070965206
Kenya,0.021508476789819094,0.023429555848156838,0.02507770411336914,0.03243523360321935,0.04019960970045137,0.044752773105153465,0.04564694938144037,0.046691997619327706,0.05244496741289966,0.08197499776565186,0.09087871191897949,0.10687038197098228,0.14052011272015116,0.147621212945086,0.15963473857089244,0.17917858997548236,0.1846559042366251,0.20299635666804988,0.22670033899779576,0.2386178173862638,0.2738257825760048,0.28607628399133,0.3028785220081351,0.30731149285885306
Lesotho,0.025371801718257238,0.026577571281654798,0.03531114187526659,0.044841313099682596,0.0544963075569067,0.06347305946805312,0.06737965443488758,0.06951467890858284,0.07784759543617299,0.09818931219398454,0.10768848778507562,0.1182159326037537,0.14427616576343663,0.1434808970441011,0.15605576297381635,0.17089998649420388,0.1800529194446707,0.20794459880443053,0.23645935438826055,0.22597927738407306,0.267486942248947,0.27455217472392907,0.2928351861738768,0.3077870769941247
Liberia,0.041053383147411956,0.04118433659067973,0.0425829498527578,0.04577610022248982,0.06539648791040575,0.0696791753711583,0.07465571809501438,0.07484058724683819,0.08376769996254611,0.08462177824702988,0.08990843416798587,0.09885057903655908,0.10881040815190891,0.12059087484676675,0.14432172893289663,0.12506604715517425,0.14147257947961844,0.10792502376913661,0.12557579490126278,0.1760170718325144,0.2161060337653328,0.2732835281079878,0.27879982239424883,0.2930267384036008
Lybia,0.01649682382564974,0.016608214426791976,0.016920935752477363,0.018242845092498582,0.020617969606069604,0.023533850811202604,0.02651816185360469,0.027977236586322788,0.03034262523281468,0.0656067305465553,0.08465372950442748,0.09885911103597221,0.12628444482157164,0.10289096123752141,0.11657342794385062,0.16036221969270767,0.17753504669711484,0.19743700009264886,0.20571577085050594,0.2138951678007468,0.2221039483693476,0.23617102435344736,0.28351161275138126,0.2771622998946106
Madagascar,0.024535884875876105,0.026532937881265463,0.027030522641636183,0.045008820640917574,0.04938582128466845,0.05651535992468897,0.059795413361384255,0.062284366140514684,0.06628605207167196,0.08374407564760579,0.0928343158959726,0.10706668421845131,0.1204472530692404,0.12704723357429773,0.12254647354740898,0.1284319750585868,0.13434342317683587,0.15021884642702174,0.20887799961906667,0.2120779516360456,0.22384427940151314,0.18001391669839248,0.2541747839418105,0.23945250445385796
Malawi,0.02417788795304248,0.02417788795304248,0.02417788795304248,0.03127575975587876,0.034192697052729745,0.03686988037046965,0.037642964231582525,0.041510036713674814,0.044653058077173756,0.04788486648264996,0.05634289151553799,0.06394940400684013,0.08156191630004486,0.0869258264248906,0.10055305728579138,0.11173261082598582,0.12043005432147244,0.11852105094721854,0.1888522212118449,0.19623396030051918,0.22247763235691714,0.2473580371260952,0.26060976904243033,0.2726125593708668
Mali,0.01807215581300339,0.01876638701693458,0.02191433892251709,0.024226628496581044,0.02418608472822716,0.024878171488902895,0.02658436459306041,0.030460138676434503,0.03341929711222606,0.04320666680935646,0.047398152239732844,0.06591643140634286,0.06929097277574374,0.0636100476850256,0.0746813663276826,0.08960124466400818,0.09552588572719072,0.10858866550921373,0.14879419909224237,0.1560448721189205,0.18953133632557995,0.20341865338660675,0.21103852994186215,0.19701827838955546
Mauritania,0.03522122132272667,0.039616662502981737,0.04418654104182076,0.04863789242856915,0.05048225360972658,0.05406705412086588,0.05630277804794339,0.06383406262606434,0.07160810938720906,0.0850939132186366,0.0910410845142679,0.10829739654908171,0.11225932671516879,0.1190063952665555,0.12510170895386338,0.11132210990800523,0.11661696592567691,0.12842810907289556,0.17042812503306137,0.18309228394310442,0.18715553537579144,0.236853000192656,0.22124728980048228,0.23656395347404935
Mauritius,0.06826199610577327,0.07168470919500802,0.07497318996343509,0.09024641557589276,0.09643609547867633,0.10691141028320475,0.11402233872799912,0.11663329220104171,0.1263688098950628,0.20099510322860767,0.22163211416687909,0.23935948060326168,0.271437256260513,0.31206566267437746,0.33684941924740636,0.36854557268295124,0.39382103155288023,0.4216417465839459,0.44752973261311463,0.4629607454246987,0.4810258617891537,0.5022370600435562,0.5411229631252171,0.5211090040502699
Morocco,0.02223274369781509,0.022276402503820292,0.02235730184052643,0.026886461960304957,0.03745602405309778,0.042405120655299805,0.04621937294931544,0.04856427269731642,0.050804729381854444,0.06788983240795562,0.07434414301046911,0.08914186455666823,0.11485755219396603,0.12109829321006715,0.12654951352917873,0.1601878917495548,0.1788271491769338,0.19989559733354031,0.22293775986192213,0.2483398587984327,0.2674371252784733,0.2861785773940869,0.308452287444564,0.3299383305205858
Mozambique,0.020740607078747152,0.020783317694905858,0.020877085372788148,0.02710770119668225,0.027870751288840662,0.027503428700802596,0.03208236751933166,0.034548830477667006,0.03916447227636596,0.04120817366113985,0.047814030136931356,0.05286441429027041,0.060566246313292944,0.06713401171600428,0.08241607120675731,0.0857772139174486,0.09436591837677775,0.12691026863897628,0.16821246479794122,0.19000088721021893,0.1978443021913842,0.21710006360199197,0.2487973935463409,0.23250846975278813
Namibia,0.020300501546616025,0.022967561512214706,0.03425438676967981,0.04549955166084126,0.057337548564838296,0.06921474530420074,0.080256272506046,0.08196320998808831,0.08836272180035548,0.1130438273295159,0.12217513005136652,0.1295307148069387,0.14178445995051708,0.15182833898055006,0.16305474475665377,0.19513482735070173,0.20415197115694214,0.3301272533122553,0.34390714103406694,0.3131371204194636,0.3196657613415098,0.33606098769945536,0.37696498035521525,0.3788032003716038
Niger,0.02577448245089448,0.027313481614939274,0.028831693467035614,0.0324183124566767,0.030205470003175333,0.030036182386097537,0.0317639356613595,0.03586262766583479,0.04017133379017977,0.04066157437531716,0.04277751088686116,0.05002511852239976,0.05438598189022899,0.059245241417225376,0.06134154787285389,0.06991816018074676,0.07486943671687986,0.10332625314633125,0.12916628915115727,0.13908011023866623,0.15380611743418712,0.137256059363336,0.1963148360927031,0.20149692117055473
Nigeria,0.026667729010214903,0.028137161370250522,0.029471998825212096,0.03077825060830305,0.03132735595707514,0.03659942748233128,0.03711417870790909,0.03861095908783769,0.053949070280261156,0.07029838748479007,0.09069754728974841,0.11228858761792446,0.11894631935467696,0.10501849391550422,0.11341522827304706,0.14887618789526316,0.12474432065297737,0.1389160733850386,0.14269548547835076,0.20950130084111424,0.22609189680467373,0.2501666707240771,0.2830834227726563,0.29156219859013693
Rwanda,0.01705305876727034,0.01705305876727034,0.01705305876727034,0.02272689167306402,0.0286981486406639,0.02907875500108018,0.03427443990770492,0.03737945196843517,0.03823153333893377,0.04708848999665922,0.05438896702981436,0.08028737368147311,0.10120923375713942,0.11476708309162437,0.10605857921629783,0.12222037598186951,0.13423285783425537,0.14217855726552492,0.1215001359992863,0.13892785264159416,0.17419485984422764,0.1966812598399337,0.21381332094385108,0.2242714806198883
São Tomé and Principe ,,,,,,,,,,0.05408466228922455,0.06030553889464524,0.07014459012791599,0.08657578789117008,0.09832146827115697,0.14079819796664667,0.16658901978934515,0.186396518286839,0.21070271716380468,0.2742728459792543,0.2831236934838396,0.2989965816989361,0.31799700826179716,0.3460645362841065,0.3675937040278738
Senegal,0.025383937536072175,0.027573141233527897,0.029562747357322935,0.0328059340708485,0.034049829372905335,0.036531350620331894,0.04336629210936517,0.043684993932035246,0.051108953872316856,0.06524318614006124,0.0712683437787732,0.09800899460812453,0.10372750985622335,0.11567952249219704,0.132784291650604,0.1534064877339524,0.17628436605516296,0.2016842914554971,0.22216339986291248,0.23398203984735455,0.22815211467448032,0.270552981494729,0.27904828136967574,0.2891841797270831
Seychelles,,,,,,,,,,0.25070056079469544,0.2615701556038165,0.2786294385836342,0.29239493147099643,0.32654656206241656,0.327323503374049,0.3138699994610877,0.3284372326341885,0.3384013210244481,0.37586623962898036,0.3961077108334264,0.4374495743074631,0.4611721727336469,0.4619967607219332,0.5052165491954168
Sierra Leone,0.02275047859504875,0.02743587975893347,0.03164323644703452,0.03591197914845181,0.03613657263537784,0.0384339285953883,0.037472527565901255,0.03625151615964491,0.041834771440724144,0.05159999773653211,0.06548358626101246,0.07842365733202467,0.09525160064531346,0.08417073857360315,0.0985486500445572,0.11360319630604329,0.12108048249867286,0.13027905412229354,0.10530720861062044,0.13084187566225267,0.19957040849264474,0.21942549109642415,0.21638836859138127,0.2628459507924562
South Africa,0.07719162249148147,0.08386765093810057,0.09035804203971091,0.09444883182660258,0.1030841491234545,0.11659577410430419,0.12160668728166875,0.12693416294444648,0.1377630541183846,0.1523471673420955,0.16595188928372545,0.17243819168062344,0.1808089605442139,0.19276677288168376,0.19943554414154385,0.20588760939563167,0.2170571122544349,0.2510962609354095,0.3775620535293383,0.3798354814784852,0.37732196499172194,0.41091980451370025,0.4674815289396549,0.48208483002494135
Sudan,0.019627650483518184,0.023380108973302692,0.025610880134060435,0.027510000413441187,0.030321966759839444,0.032297359719590545,0.0341893658413288,0.034323376119193484,0.039342096745746805,0.059889097647258624,0.07485347880271703,0.06645417428997276,0.08367798593727131,0.07671423801155754,0.09560041573613001,0.10823171450732871,0.12514066500972312,0.07584933567382897,0.09102210364788818,0.10273625602026011,0.15201600731593987,0.1694319048684632,0.17690609309272756,0.18341895969205346
Tanzania,0.03187252483024413,0.036645856393382206,0.04102080119365047,0.04527783622659234,0.04962007241957486,0.05371268779223608,0.06490952929828349,0.06426064255628743,0.07313836951122689,0.08854145467809259,0.09496524311860191,0.11046862224637684,0.1373638031047394,0.14395801956628695,0.14739706496164565,0.15486598634756965,0.16177938038637746,0.17336292401650752,0.1897724465098277,0.20408649986506833,0.2271370785752672,0.2602854805071304,0.28927944318712245,0.2907841943843467
Togo,0.01888396603101715,0.018681967847589433,0.01877593306334386,0.02193663870433867,0.02477530782799911,0.024549535077721358,0.025780381291618932,0.025142473830302114,0.026677259798322743,0.04889916137218555,0.054071645288658154,0.07550333326891263,0.08261380233184137,0.07578278659563606,0.09545621873909294,0.12528077697092982,0.13425719675764836,0.13884092063901723,0.1754421398642653,0.1830933606780247,0.18454866067045694,0.21467227500114094,0.22524614164305515,0.2241206662547665
Tunisia,0.0331353528649674,0.03347406735671212,0.03615675757970208,0.04152910015109763,0.046211115439229684,0.049181185494125715,0.052512156967302166,0.055133707249331254,0.06080842735574118,0.07477241779541778,0.08058694403969173,0.12229909816920523,0.1396304415895071,0.158144820310338,0.1828974860737342,0.20941837719811562,0.226011698328501,0.21738468682716344,0.2311251892186252,0.2507469037406288,0.2664260640522173,0.28719685864137784,0.4661529617841446,0.47189918839471084
Uganda,0.024791746218976375,0.026631507614697597,0.02824770477088839,0.029788511830859097,0.029900948090538233,0.04299145551682176,0.04839814388471969,0.051929790252633196,0.05951973880617226,0.0910353646788692,0.09882065648475721,0.11150507211935849,0.13886352389321321,0.12502748307085293,0.08372709913198824,0.09941235404762264,0.11800634442572934,0.14811036340350425,0.16575517214599514,0.17929924592737814,0.2025096330969605,0.2346106177989075,0.2569464386948832,0.2596194466579555
Zambia,0.02348972399820631,0.024974209274505922,0.02623308071172681,0.027333061125880284,0.03819926269976948,0.046998324757971076,0.06707048566321507,0.08342960946596363,0.0962461164083584,0.11484116896873811,0.1239717851809611,0.1346565891162703,0.17007501419398216,0.17849615500288912,0.17602768048406034,0.18583425655346025,0.18606014272203167,0.1822335121752877,0.22710450072139415,0.22630560204088487,0.2549249941543158,0.2908481374508208,0.2986338832451696,0.28274053378928216
Zimbabwe,0.030985528868078892,0.03167298747565814,0.032318389911622954,0.034898659041961044,0.0386898014746249,0.05325723679301012,0.06802643531640142,0.06948443549666851,0.0898175418726815,0.1313601757774538,0.14292956145034316,0.15041751802539638,0.14990642778293753,0.16522318823992718,0.17634236414593762,0.2171285005684024,0.2409619279970273,0.24929740456320496,0.2406003153393545,0.2191510213185658,0.20284294297743846,0.23247883621067086,0.26107429681384803,0.26876199547095686
Afghanistan,,,,,,,,,,0.050042876951470125,0.05348667880342793,0.058653666753270606,0.06890692614396915,0.08117028716430148,0.07478867676838148,0.07656577598119986,0.08730503466370852,0.09245061406468506,0.07980294722767735,0.08246316296563415,0.1489208756472859,0.19829646484761612,0.20281564831682397,0.18043555327922844
Armenia,,,,,,,,,,,,,,,,0.2237734178668889,0.23204570135404154,0.42715373715609145,0.39853099496139105,0.3848371767345576,0.39193562188316744,0.4080552753970935,0.4382095825288533,0.5582929237660135
Azerbaijan,,,,,,,,,,,,,,,,0.20128594417203693,0.21612823541268858,0.2759281823506636,0.261035738098898,0.2719558638034201,0.281870639041364,0.3011141625092766,0.30621888285293586,0.28456428230635133
Bahrain,0.019673057955277084,0.019818721742616476,0.01996124274730018,0.020100774774888586,0.02126934206864109,0.02424638388401089,0.03216693321604502,0.03446522828059647,0.03622597058877259,0.06656125931462226,0.07100165667578916,0.07670487422640315,0.0865219539864778,0.10580261361758309,0.16485799416901206,0.14986747856073604,0.16101820690771318,0.17358219017003235,0.1821366284553905,0.20597629323137526,0.28040601152780464,0.2865250086825822,0.2785676130995813,0.300872089138632
Bangladesh,,,,,,,,,,0.09809946841527584,0.098943895892314,0.08908488722883716,0.11053166437531861,0.10753664025502843,0.12069669303920304,0.14473436995374472,0.14149973550062137,0.17070545745940485,0.21250309343881726,0.24679818154153843,0.24797612810361858,0.24314903383026662,0.2386158219715792,0.26811336953584153
Brunei Darussalam,,,,,,,,,,0.1825676571179238,0.20832135897700874,0.22835606573554865,0.24773128869528707,0.25102868049447313,0.30023968235481513,0.32804772759375234,0.326193383706688,0.32266111934872244,0.3315262823506688,0.3422950106660244,0.37064451493257083,0.3790602696689517,0.37523809887878,0.418153169834963
Cambodia,0.02140724517549162,0.021743670320965053,0.02400154647545988,0.02684500826219638,0.02731000246039756,0.032347411383651326,0.04520221363553642,0.04853571739616247,0.05947869060480684,0.10632861615322126,0.1318721989536751,0.16175572759442933,0.16591105555054708,0.13861256108388398,0.07205421227001549,0.10084458734331578,0.11937819981731122,0.12982381846399468,0.2030616076772704,0.2109237088934626,0.23073067749441514,0.24399163070413465,0.2514129767743579,0.21474655062544723
China,0.03533256579118425,0.03588402270403606,0.036207155745170055,0.038427857718782855,0.0565815135368174,0.04844856176196542,0.06721049451058515,0.07189065899659426,0.07400033869454124,0.06843962952501435,0.08428406712723974,0.0766132315417635,0.10657482023242665,0.11931801165867491,0.12907957423600536,0.167331643529854,0.1797034052496734,0.18538375295621937,0.2076064757062263,0.22351768153540671,0.24354170344537238,0.25880477089415294,0.26351338225161036,0.25726841245342125
Hong Kong SAR,0.037823769832174586,0.03847137890260973,0.040685339199289745,0.06851589937854466,0.09458527004551087,0.14407346500980786,0.15762179420336941,0.16906059857951747,0.18326916466771567,0.22899530269811436,0.24343663777492347,0.2565577450193412,0.28042289056080566,0.30462513546674563,0.327299303770175,0.3695809127534469,0.39568918263568165,0.44048187927222904,0.485299783600193,0.5043925285714836,0.5675170561178546,0.599192338503462,0.6247163607187869,0.6183592340102447
Georgia,,,,,,,,,,,,,,,,0.22152534616253472,0.23574315267890877,0.34049517810159846,0.338848432517426,0.3695189369789553,0.4518896912260016,0.4555965510395781,0.5556445963592166,0.5664045703852459
India,0.03186224116951599,0.03373348128953738,0.036294047851920946,0.04397879861433414,0.04788745241776416,0.0633045020003337,0.0689252429006981,0.07477988457441596,0.08754039629759007,0.12122088202866285,0.15070685501954564,0.16486585879686919,0.17371302627686483,0.19155591113665416,0.1814326497036181,0.22579947194722874,0.241891592806481,0.26174207654973597,0.2865298681554213,0.31296282004818454,0.329084664790273,0.3468097128130341,0.372337995867784,0.35353442475085833
Indonesia,0.022365716241390853,0.02318357636458757,0.02343431906801881,0.023776049734176487,0.030853643925448895,0.044690845696897366,0.04700116219639231,0.05134469784793347,0.06088455268932376,0.10628076150666849,0.12051817582093216,0.1128918857617343,0.12036965881511091,0.12533889082273547,0.14174031617165878,0.14900696107238304,0.15803373051245925,0.17364759297385982,0.18245925304616809,0.34170925172521815,0.3805821749078434,0.4135189080809633,0.4265522410714721,0.42196302557681725
Iran,0.025188701498445754,0.025638379229983403,0.02608043370988625,0.026515248325108973,0.034222516971041284,0.03995608519995641,0.043271690635876416,0.04609326467533651,0.05518861831297935,0.09463248380465725,0.08711253593482578,0.09451583030404552,0.11343869544335425,0.13133593475080196,0.14844958783780296,0.1662273072849576,0.18588917522791423,0.21146148780050852,0.23987473379708352,0.27856155268465593,0.29740504018692837,0.31397506710272244,0.3488622699331052,0.37193735166582265
Iraq,0.030291078319781943,0.02824702886221974,0.029837125344667644,0.03061831251617625,0.03770762608246972,0.04318326626392727,0.05883445968143585,0.05860976076333842,0.0696856156825275,0.09224343167102247,0.11115498875108033,0.10272752243260731,0.10987600070869089,0.12441048697612457,0.14542816165391415,0.15996674821521736,0.1815408547578609,0.17664149507114746,0.17748494335472007,0.19811808612492604,0.22941349138685702,0.3022949706835688,0.3043216225542128,0.31463612772506977
Israel,,,,,,,,,,0.3786949288001618,0.3934282869767597,0.41354436198652406,0.4361768471782742,0.4667787769359606,0.5014960477980025,0.5317676578320252,0.5478492466777651,0.5764594862124646,0.5930117731071317,0.6167458580165712,0.6405872209037544,0.6991238844915441,0.7361883594437901,0.7732168978537258
Japan,0.08203581954617939,0.09574724136848006,0.11774351450154322,0.13904823759216123,0.1578412767518102,0.1907718984005567,0.20849241078309597,0.2177914418378936,0.22460923579731723,0.3043661857398327,0.41621853285387334,0.46009457822942945,0.49465951442139156,0.5467853742662399,0.5764051026841106,0.6115357115016592,0.6492127064126215,0.6774869052795262,0.7096523611276346,0.7459144787933474,0.7753306653442843,0.810487138219634,0.8044911127780082,0.8567357915140207
Jordan,0.029639156160981586,0.02643640850974539,0.026895736193015232,0.027155060619221547,0.039280871418414895,0.06051148731399649,0.07786476195974922,0.07975361315619395,0.10318808013204268,0.12800080614152892,0.1557980459242614,0.17071392186710024,0.1850301942253886,0.19850307037757964,0.20060970095322636,0.22372142908987344,0.26972921005639233,0.3051302124773862,0.3233837714749016,0.3061583436584896,0.3616582149998701,0.3798457283325682,0.40547874588846844,0.4201921282442032
Kazakhstan,,,,,,,,,,,,,,,,0.20542737252900986,0.22005513680596758,0.2932045333488243,0.3312816984371866,0.3288019149605887,0.34200603897961207,0.36513728494036163,0.37193784326734153,0.3861006608600497
"Korea, South",0.04041345711220419,0.04132903464195397,0.04408007058549921,0.051658613623558565,0.04603907757954023,0.058019139015458514,0.06502786393985044,0.07462667022853126,0.08467147780761876,0.15787251273516364,0.1861960050014043,0.2042105133746561,0.2167686001440992,0.2444972887274888,0.2513343903986885,0.27867281888427076,0.33159255047092356,0.5072401742529811,0.5763737470014816,0.6564476111191511,0.6997354873020967,0.7341801726895396,0.7186420784066522,0.8157913015528347
Kuwait,0.03026348083534294,0.026911962528513342,0.027302636509237584,0.03592219287427788,0.03930268046848824,0.04721668689684217,0.06255500665704149,0.06702402195640422,0.07019792877023613,0.165948459803016,0.18140955281815355,0.20136799486115095,0.2606218722946577,0.2864277761145049,0.29513949905710735,0.2656049269750903,0.33922078121087,0.2795169981516608,0.3719415168465499,0.37576071620680823,0.387982613675335,0.39486801462943716,0.42077360287077487,0.40147271258529016
Kyrgyzstan,,,,,,,,,,,,,,,,0.19328522852967459,0.20645028867110268,0.3060199117675392,0.30768830892962534,0.31648774552532266,0.3276281400204768,0.3692684792361706,0.4188504895376064,0.4183735949630511
Lao PDR,0.02240126960668261,0.022781093859221474,0.025173768612073863,0.02818303363589949,0.028830291870838045,0.0285541583580981,0.028630429142397766,0.03391972900933715,0.04430618391939496,0.09113521539515257,0.09873882628994225,0.10660412032244804,0.10307375251423172,0.11298408439866436,0.1071250382556504,0.11690823348010615,0.12924735341773905,0.15227312594834566,0.16107909783912855,0.17335703430511287,0.18830145185410943,0.20544966947358673,0.21281490697511662,0.2270547271825851
Lebanon,0.03918503808378097,0.03911957289321619,0.04496866037035613,0.04953443219828531,0.07043706594781024,0.11924269966577472,0.13116144082928058,0.14160749595447714,0.16083560137144454,0.19565724971488024,0.21836788150100234,0.22517421326905118,0.24677340801823358,0.26420417327546286,0.2735100534395947,0.2837797474468341,0.2926810315036789,0.28130524719274375,0.32311372623997997,0.3392069792498152,0.3755287750784443,0.4241685088139473,0.4301457156524848,0.4014718795057485
Malaysia,0.0361427401306663,0.03728376194331029,0.03849546822068098,0.04396778091495881,0.04653778329191958,0.0571230153798795,0.06900673331942565,0.08116496326663816,0.08874861781177348,0.13588472469851284,0.1613938753471098,0.18161385425131704,0.20246417713062723,0.20304152966792338,0.24832431010708292,0.2796837242660622,0.2968395175511632,0.309892763858457,0.3386804658737592,0.3529466015191374,0.38841507130640623,0.4043950062315527,0.4139533090108869,0.47657885566096825
Mongolia,,,,,,,,,,0.07725999373751852,0.09414054957999723,0.10755233219768326,0.12277670201141666,0.1328463668440255,0.15992192398288638,0.17120827873313776,0.18596556112693927,0.2766276990422969,0.3474857710527142,0.3543245189411977,0.38299601486907753,0.4149493589773378,0.4453102583950943,0.4513560913643283
Myanmar,0.025874476317941163,0.026359230242915848,0.03822853888338841,0.05012805091355351,0.06201616656921377,0.08263103772621075,0.08713806108207733,0.09016637577621474,0.09273163021701188,0.10548818992969866,0.13976284223017058,0.15298795627532819,0.08242237561163145,0.08785841856707359,0.102540777259852,0.12227466597876499,0.13183781947848464,0.11790495995751993,0.11963026205477324,0.12880952019888237,0.13869509368788882,0.17253722550935183,0.23975799613159685,0.3244225614827317
Nepal,0.018933908371607605,0.019170811633499436,0.019399244249730614,0.02229248866137838,0.022609858516439967,0.029019398901884565,0.030240557347686117,0.03250955241552014,0.03403609757915233,0.03937817095761306,0.054822060952129555,0.06607415202069308,0.06361827865994937,0.07243248341333608,0.0816402277130917,0.09766319263318728,0.11358673582436127,0.15546098533179536,0.20106244903587148,0.22520680891117073,0.20664222555853234,0.29571599081039124,0.3052485626465478,0.3266261681249741
Oman,0.019673057955277084,0.019818721742616476,0.01996124274730018,0.024197339679456385,0.02560406255764898,0.02554272626246308,0.03246196757376089,0.03540867839318758,0.03658497010546178,0.05328766187626333,0.062638116330729,0.07053942807719858,0.07988724002966996,0.11515803529753191,0.13476643764123364,0.16269397584960052,0.1907839234997257,0.21433537042073303,0.24890818035796503,0.28323161883412823,0.31214223439585953,0.3338999992281201,0.34875336396156986,0.38920375693666914
Pakistan,,,,,,,,,,0.1055843073337675,0.10993861672294906,0.10052135086433092,0.12239043202687187,0.12096759310261332,0.1470130142772503,0.13399612824965848,0.1644775966200657,0.2076808553185923,0.21890438221560446,0.19351402002779014,0.2451565243019734,0.2738298387632798,0.27570384091806555,0.26381950060482245
Philippines,0.03164170305302093,0.0345485427409294,0.038830704134006,0.04476279554208773,0.06346786325699989,0.10802573168261619,0.11724203826755598,0.12496826508015987,0.13899751316144526,0.17683474220958614,0.20803943061293015,0.218999624831566,0.2307449636512281,0.2375585783981152,0.1596656546556856,0.19115839689126177,0.20029431559506397,0.3493274858627927,0.36456297401825877,0.3844540798815712,0.3721197400770766,0.394762527172243,0.4300885332984684,0.3870563023844408
Qatar,0.03026348083534294,0.026911962528513342,0.027302636509237584,0.02943759020940334,0.032759461689471636,0.03979812011775762,0.0527469260041584,0.057092568725685036,0.05966506957576008,0.1296285990811717,0.14387902182591633,0.16015786871043483,0.17581029211399812,0.1983237052401287,0.22240951926701716,0.23307701315132295,0.23183441674487604,0.25659752232913946,0.26720840272607344,0.2862902196099225,0.3122935621222358,0.3449251793885234,0.3730845177758415,0.3615287555812056
Saudi Arabia,0.025044610613694642,0.025169843829584614,0.025293235160222444,0.02541484660179241,0.03139112673372664,0.037515453457012085,0.055776084618575104,0.06495996765636293,0.07451046130079345,0.10371477320694526,0.11420396400282179,0.120378569342865,0.13591621628583048,0.14487694455911038,0.15989436986949296,0.1762938435628356,0.18925985279667118,0.2050430249469548,0.21813974611297693,0.23072771111306492,0.24886037526182647,0.2671167357081179,0.28834848559788984,0.3070393688277671
Singapore,0.05231718519579584,0.05656064466449557,0.0624683498694052,0.06998115984771075,0.07222906511035569,0.08277752938248921,0.08546523456197828,0.10277275291632007,0.1123731766724295,0.1940740321394711,0.21595026035857204,0.2569620604573145,0.2728098271791388,0.3068753338422256,0.31951188516431706,0.3347400400692554,0.3563871944818093,0.38901629444956554,0.4276972621519762,0.48058275410336304,0.48371063248704915,0.5484717284206514,0.6045820690881202,0.6186280629260378
Sri Lanka,0.05180931663992062,0.06725012227728004,0.08309879907430912,0.09862816087913186,0.10872482076015635,0.12335435496976006,0.14341008717714393,0.15341166103638393,0.17657471696689261,0.24870015968504827,0.2625069161379387,0.26677095736358275,0.27886062304357045,0.3200543314948326,0.3192486753563843,0.30370830349722916,0.3089673654831427,0.32316013512019326,0.3550587983112234,0.3521756066862286,0.37628152483630695,0.3928587474389834,0.501400785214977,0.49916842033625336
Syrian Arab R,0.03470197940220582,0.03313401285646113,0.035179025910824585,0.03701974472424867,0.04584295644945744,0.053850844875621424,0.06750881069285306,0.08113394345081455,0.10364333782216623,0.14161305844989364,0.16167594757044354,0.13046773364752554,0.14150460990241454,0.14072009752896228,0.1557535363667543,0.16921739980653092,0.187548670922674,0.2023069349077296,0.21618764273667462,0.23873785542334805,0.25499890957719584,0.25965403739967746,0.16582648111416826,0.18850534125880272
Taiwan,0.0258166088201114,0.026009746869665933,0.02619969755572211,0.03083402020042802,0.033077968144586085,0.07624251881352133,0.08827044265313141,0.09523502228843381,0.09992264817329707,0.13099486301276006,0.15329943131712398,0.16584670776005722,0.18272394415606183,0.2070093613287577,0.23166490436180392,0.2620341174100636,0.2929168502384683,0.379638063807487,0.42501054750894807,0.5572865218803807,0.6023720731644084,0.6455768742102473,0.6620675153390211,0.7240308242703491
Tajikistan,,,,,,,,,,,,,,,,0.1893086916950256,0.19957751482352828,0.28415249340110815,0.20660638152447386,0.2360129385318609,0.2495874037172755,0.2534110388253292,0.24573421060676953,0.25605814205891547
Thailand,0.03418052585461603,0.035576382137466715,0.03812728060261088,0.04000387387592246,0.049713489458999525,0.056104856089560735,0.06423526787094165,0.08407876141266431,0.09659649262207481,0.12170889347617612,0.13657584490631086,0.1394956878233749,0.14740821141298174,0.17773075281977627,0.2186227390499187,0.24193100101797427,0.28712479748951375,0.33956899415485714,0.378794940160426,0.4074668694545545,0.4227891093610389,0.4263322208388502,0.326539837739462,0.39804871079014315
Turkey,0.04181964319189941,0.04037572767606381,0.044729340700729175,0.04941450752628425,0.061880322470627795,0.07253118644949749,0.07893560839953402,0.08469430833837885,0.09133221999028576,0.13674984495287973,0.15929844860042636,0.15662853905169405,0.2037294557348216,0.24672567855050992,0.2709393942926277,0.24682268680328226,0.2864868807874958,0.3304420916768618,0.35203504625199294,0.38980584806989027,0.4198480406585161,0.40853805140517674,0.3937299160737615,0.3334660457515642
U A Emirates,0.027255740212899796,0.024237313060163114,0.02458915984819432,0.02651193085179714,0.028053213495605578,0.029874515670463443,0.03950985740691582,0.04272686074124364,0.04462019553024889,0.0937873182592431,0.10798072366610378,0.12332355879820144,0.14095222652337505,0.15770511750159988,0.17982955616777546,0.19984594189760382,0.2181310614553865,0.24132319037981395,0.27427284305888244,0.2961293528277259,0.3047807274001578,0.3193526519144959,0.34126008438905175,0.397357798020182
Uzbekistan,,,,,,,,,,,,,,,,0.20458878041859857,0.21523964816410338,0.2666222252364424,0.22787496781083696,0.22289060209362407,0.22741968980535163,0.24120376379309363,0.27352750798155895,0.34518106792863207
Viet Nam,0.030803517841247106,0.031196299758675956,0.03434569981922676,0.03981856335057809,0.04144901705198003,0.047393238240628396,0.05077028152478661,0.06416554415532008,0.08014246425737798,0.1251859688600244,0.12206095678056877,0.12672997768751337,0.1366697859688015,0.1462162138954641,0.16098254323134575,0.16519182128745968,0.1670804378886894,0.1872438048075011,0.21042982034263866,0.23202199571070678,0.25904035041340595,0.2749823353303438,0.3165964465284464,0.3149137467423929
Yemen,0.031710114818644025,0.0319449037076897,0.032174626887119286,0.0323995322691786,0.03428309318494687,0.034425102043763915,0.03443034185898425,0.03443557928301699,0.03462914562935487,0.04484799487692585,0.049223540993019205,0.05077120209709932,0.05292278496247807,0.05027463724218729,0.05809668284343797,0.07432405379900542,0.10311187360020946,0.13463983070570051,0.15943537187130813,0.18095120466873205,0.20440281552217715,0.22269507783591558,0.1641078958961309,0.1416051739991416
Australia,0.24044089134188848,0.2701939470527281,0.2986126187492655,0.33218391187370805,0.39089321898012946,0.430905986969338,0.43778158354173513,0.4535729040145021,0.4650765383762059,0.5038565396424634,0.5230430251206099,0.5392529226263675,0.5463983879755557,0.5682951617702762,0.6078608824118841,0.6455919403598175,0.6723619447836724,0.7081549691921234,0.7332401611716842,0.7583497555245989,0.7917522222107434,0.8148753517598621,0.8298358006504303,0.8479026702428611
New Zealand,0.2574225210102785,0.2847314472058245,0.30513896859346024,0.3670364886948992,0.3955800283188064,0.4262337038207659,0.44017126779035903,0.44441955626185164,0.4542734173881387,0.48429720406926813,0.49552247358256396,0.5095762106496793,0.5153684545983942,0.5373027010161723,0.5697553831848418,0.5748540134137323,0.5996221523931496,0.6186276183178325,0.652051399431276,0.6981878646376258,0.7404163165106661,0.7485232410691183,0.7715367742027428,0.8116417412936036
Canada,0.2302101489591447,0.2530063958761389,0.26865225134216597,0.2937847598278316,0.3281547023682464,0.38752322630970915,0.39147022847619295,0.39998260090785714,0.42120263596687635,0.47724548203023304,0.4947970928374629,0.5130222900797285,0.5322663862080264,0.5491050212088748,0.579180206881196,0.6129833325040213,0.6329863285754521,0.6726796475958211,0.695664447941836,0.7255717418096077,0.7659876642822033,0.7724542857091945,0.78090969456166,0.8275504173863576
USA,0.23821042712828505,0.23276636698446276,0.2604170278421831,0.29533790456611975,0.32200860994523367,0.37141363719022474,0.37939983987714937,0.38817116267571966,0.4043505890299865,0.4622602338455062,0.4832529065439563,0.500567084617134,0.5266262592093222,0.552159720260939,0.5991718080342707,0.6347351392971715,0.6616975691190173,0.6917609295710341,0.7115461511817367,0.7242375473321274,0.7465981623812668,0.7916435900947816,0.7728109103718259,0.7496123347150211
